{"cameraMode":{"drawMode":0,"name":"Shaded","section":"Shading Mode"},"sceneLighting":false,"audioPlay":false,"sceneViewState":{"m_AlwaysRefresh":false,"showFog":true,"showSkybox":false,"showFlares":true,"showImageEffects":true,"showParticleSystems":true,"showVisualEffectGraphs":true,"m_FxEnabled":true},"in2DMode":false,"pivot":{"x":-1.0330309867858887,"y":0.3688584268093109,"z":30.03915786743164},"rotation":{"x":-0.030201449990272523,"y":0.6024943590164185,"z":-0.02273828536272049,"w":-0.7973354458808899},"size":2.7386128902435304,"orthographic":false}