{"cameraMode":{"drawMode":0,"name":"Shaded","section":"Shading Mode"},"sceneLighting":false,"audioPlay":false,"sceneViewState":{"m_AlwaysRefresh":false,"showFog":true,"showSkybox":false,"showFlares":true,"showImageEffects":true,"showParticleSystems":true,"showVisualEffectGraphs":true,"m_FxEnabled":true},"in2DMode":false,"pivot":{"x":17.200000762939454,"y":0.8774968385696411,"z":20.223073959350587},"rotation":{"x":-0.19020096957683564,"y":-0.6365280747413635,"z":0.16617140173912049,"w":-0.7288357615470886},"size":31.576004028320314,"orthographic":false}